1,BYCYR,19923
2,6T42O,19880
3,3NKuC,19840
4,tY0M0,19835
5,0RMgu,19823
6,0LssH,19813
7,rTtUh,19782
8,3gBdV,19776
9,9vWWJ,19730
10,ecyoO,19702
11,VBnT6,19692
12,DXEs7,19683
13,ZP6CM,19644
14,1k5hn,19605
15,l6D16,19583
16,GLlpz,19578
17,1zOC0,19566
18,ZlRZA,19566
19,NOun5,19531
20,Tvt4d,19493
21,FNaq6,19447
22,h8L4f,19428
23,Bz3qp,19411
24,9RmCV,19379
25,HJrnc,19377
26,DAulo,19337
27,aHKyG,19331
28,8N005,19282
29,ORBjt,19277
30,55h8T,19262
31,7rRf5,19248
32,vQJIj,19204
33,xqGur,19156
34,d6AKe,19149
35,z5llb,19120
36,0n40s,19100
37,DMLQC,19098
38,LejEq,19084
39,gv27i,19079
40,ZFCK8,19076
41,oiR0t,19035
42,RFpbA,19001
43,G5K87,18985
44,cQvdM,18955
45,XtLj9,18943
46,JcZz8,18942
47,D2Bu5,18910
48,jOqOX,18894
49,xuWGv,18877
50,GM15T,18865
51,2hRdF,18854
52,IrMtc,18837
53,QHrpy,18819
54,rfxlo,18790
55,Y3doG,18770
56,pAni3,18739
57,lCa61,18709
58,WeOZH,18697
59,Pp1mM,18677
60,Imfqn,18670
61,eXWir,18658
62,6CuPi,18621
63,YO1AB,18577
64,9934D,18540
65,9650P,18525
66,XWQwR,18524
67,wMaia,18513
68,pAxC9,18466
69,1FWjZ,18457
70,4mQjb,18425
71,oYHgB,18379
72,YtPxt,18339
73,6SMar,18300
74,QaZbR,18285
75,yzxQm,18281
76,S3wHq,18241
77,8QYeI,18234
78,hBc71,18217
79,3qGdL,18215
80,Rlzxp,18189
81,43CQY,18156
82,cTai6,18110
83,wQhMm,18091
84,tu9IK,18078
85,BDvS2,18071
86,I7VTu,18066
87,3pUMi,18042
88,uaVZ2,18031
89,kdXwY,18004
90,dPQHn,17972
91,B81Ub,17964
92,Ybd5u,17926
93,kai3W,17926
94,3eOvM,17880
95,clf4X,17874
96,DMdeJ,17837
97,AXb0n,17832
98,eFPAb,17804
99,GYR10,17773
100,qzw0u,17746